name,norad,line1,line2,launch_date,launch_site,epoch_raw,epoch_day,epoch_utc,epoch_iso
APSTAR-6C,43450,1 43450U 18041A   26282.83371115 -.00000327  00000+0  00000+0 0  9990,2 43450   0.0531 302.5281 0002050 296.3416 213.7299  1.00274377 30968,2018-05-03,XICLF,26282.83371115,2026年282日目,2026/10/09 20:00:32 UTC,2026-10-09T20:00:32.643360Z
APSTAR-6D,45863,1 45863U 20045A   26283.26137792 -.00000326  00000+0  00000+0 0  9995,2 45863   0.0463 101.7726 0003270 348.3304 156.8801  1.00268154 23014,2020-07-09,XICLF,26283.26137792,2026年283日目,2026/10/10 06:16:23 UTC,2026-10-10T06:16:23.052288Z
APSTAR-6E,55239,1 55239U 23005A   26283.55135462 -.00000324  00000+0  00000+0 0  9994,2 55239   0.0179 226.6798 0004271 349.3478 135.6531  1.00272897 19858,2023-01-12,XICLF,26283.55135462,2026年283日目,2026/10/10 13:13:57 UTC,2026-10-10T13:13:57.039168Z
APSTAR-7,38107,1 38107U 12013A   26283.60639941 -.00000109  00000+0  00000+0 0  9994,2 38107   0.0133 147.7818 0002707  58.1687 108.0747  1.00272014 52972,2012-03-31,XICLF,26283.60639941,2026年283日目,2026/10/10 14:33:12 UTC,2026-10-10T14:33:12.909024Z
APSTAR-9,40982,1 40982U 15059A   26283.61931280 -.00000272  00000+0  00000+0 0  9994,2 40982   0.0401 357.6382 0002751 192.7597 193.8117  1.00273284 40268,2015-10-16,XICLF,26283.61931280,2026年283日目,2026/10/10 14:51:48 UTC,2026-10-10T14:51:48.625920Z
BEIDOU-2 G1,36287,1 36287U 10001A   26283.61905280 -.00000284  00000+0  00000+0 0  9993,2 36287   4.5621  59.9105 0002863 246.4072  76.2569  1.00270321 61322,2010-01-16,XICLF,26283.61905280,2026年283日目,2026/10/10 14:51:26 UTC,2026-10-10T14:51:26.161920Z
BEIDOU-2 G3,36590,1 36590U 10024A   26283.46443877 -.00000140  00000+0  00000+0 0  9998,2 36590   4.7860  60.8941 0003904 349.6501 215.3652  1.00270694 59920,2010-06-02,XICLF,26283.46443877,2026年283日目,2026/10/10 11:08:47 UTC,2026-10-10T11:08:47.509728Z
BEIDOU-2 G4,37210,1 37210U 10057A   26283.63538957 -.00000116  00000+0  00000+0 0  9990,2 37210   3.9295  68.1132 0009046 183.6089 156.2947  1.00272676 58444,2010-10-31,XICLF,26283.63538957,2026年283日目,2026/10/10 15:14:57 UTC,2026-10-10T15:14:57.658848Z
BEIDOU-2 G5,38091,1 38091U 12008A   26283.46027876  .00000051  00000+0  00000+0 0  9997,2 38091   3.8567  68.8476 0007971 234.4881 300.2197  1.00276131 53523,2012-02-24,XICLF,26283.46027876,2026年283日目,2026/10/10 11:02:48 UTC,2026-10-10T11:02:48.084864Z
BEIDOU-2 G6,38953,1 38953U 12059A   26283.53654576 -.00000180  00000+0  00000+0 0  9995,2 38953   4.7089  72.2042 0006659 316.7281 267.4442  1.00272292 51065,2012-10-25,XICLF,26283.53654576,2026年283日目,2026/10/10 12:52:37 UTC,2026-10-10T12:52:37.553664Z
BEIDOU-2 G7,41586,1 41586U 16037A   26283.61307277 -.00000359  00000+0  00000+0 0  9991,2 41586   2.0023  69.6974 0004874 345.5139 295.2984  1.00271490  8042,2016-06-12,XICLF,26283.61307277,2026年283日目,2026/10/10 14:42:49 UTC,2026-10-10T14:42:49.487328Z
BEIDOU-2 G8,44231,1 44231U 19027A   26283.61983280 -.00000252  00000+0  00000+0 0  9999,2 44231   1.9458  74.1884 0009144 275.0748  37.6883  1.00272634 27230,2019-05-17,XICLF,26283.61983280,2026年283日目,2026/10/10 14:52:33 UTC,2026-10-10T14:52:33.553920Z
BEIDOU-2 IGSO-1,36828,1 36828U 10036A   26256.66970756 -.00000130  00000+0  00000+0 0  9997,2 36828  54.3037 162.1610 0058541 217.4777 320.7749  1.00289463 58981,2010-07-31,XICLF,26256.66970756,2026年256日目,2026/09/13 16:04:22 UTC,2026-09-13T16:04:22.733184Z
BEIDOU-2 IGSO-2,37256,1 37256U 10068A   26282.87983623 -.00000207  00000+0  00000+0 0  9992,2 37256  47.3537 270.3952 0059923 215.3763 313.3150  1.00302945 57942,2010-12-17,XICLF,26282.87983623,2026年282日目,2026/10/09 21:06:57 UTC,2026-10-09T21:06:57.850272Z
BEIDOU-2 IGSO-3,37384,1 37384U 11013A   26283.25617789 -.00000199  00000+0  00000+0 0  9995,2 37384  62.5760  39.0775 0035160 185.7214 353.4905  1.00285806 56816,2011-04-09,XICLF,26283.25617789,2026年283日目,2026/10/10 06:08:53 UTC,2026-10-10T06:08:53.769696Z
BEIDOU-2 IGSO-4,37763,1 37763U 11038A   26282.68784282 -.00000053  00000+0  00000+0 0  9991,2 37763  54.6016 164.6535 0160632 230.7434 324.0498  1.00262654 55793,2011-07-26,XICLF,26282.68784282,2026年282日目,2026/10/09 16:30:29 UTC,2026-10-09T16:30:29.619648Z
BEIDOU-2 IGSO-5,37948,1 37948U 11073A   26282.87708351 -.00000201  00000+0  00000+0 0  9994,2 37948  47.4766 270.1103 0116036 224.6121 295.3979  1.00272196 54287,2011-12-01,XICLF,26282.87708351,2026年282日目,2026/10/09 21:03:00 UTC,2026-10-09T21:03:00.015264Z
BEIDOU-2 IGSO-6,41434,1 41434U 16021A   26282.86302916 -.00000180  00000+0  00000+0 0  9999,2 41434  60.3916  36.9079 0062931 228.9668 159.9751  1.00277195 38638,2016-03-29,XICLF,26282.86302916,2026年282日目,2026/10/09 20:42:45 UTC,2026-10-09T20:42:45.719424Z
BEIDOU-2 IGSO-7,43539,1 43539U 18057A   26281.53675444 -.00000114  00000+0  00000+0 0  9997,2 43539  55.2118 162.0865 0107628 236.2246 284.5920  1.00269322 30261,2018-07-09,XICLF,26281.53675444,2026年281日目,2026/10/08 12:52:55 UTC,2026-10-08T12:52:55.583616Z
BEIDOU-3 G1,43683,1 43683U 18085A   26283.63511181 -.00000113  00000+0  00000+0 0  9997,2 43683   2.6813  94.1094 0004974  27.0132 286.8068  1.00270776 29214,2018-11-01,XICLF,26283.63511181,2026年283日目,2026/10/10 15:14:33 UTC,2026-10-10T15:14:33.660384Z
BEIDOU-3 G2,45344,1 45344U 20017A   26283.60709274 -.00000146  00000+0  00000+0 0  9996,2 45344   2.6406  48.8341 0002462 160.8729 108.1357  1.00271748 24411,2020-03-09,XICLF,26283.60709274,2026年283日目,2026/10/10 14:34:12 UTC,2026-10-10T14:34:12.812736Z
BEIDOU-3 G3,45807,1 45807U 20040A   26283.61307277 -.00000359  00000+0  00000+0 0  9990,2 45807   2.7270  67.3596 0004099 270.0386  13.0292  1.00277235 23221,2020-06-23,XICLF,26283.61307277,2026年283日目,2026/10/10 14:42:49 UTC,2026-10-10T14:42:49.487328Z
BEIDOU-3 G4,56564,1 56564U 23066A   26283.61896613 -.00000288  00000+0  00000+0 0  9991,2 56564   0.4484   5.6951 0005661 207.8036 168.6313  1.00270903 12540,2023-05-17,XICLF,26283.61896613,2026年283日目,2026/10/10 14:51:18 UTC,2026-10-10T14:51:18.673632Z
BEIDOU-3 IGSO-1,44204,1 44204U 19023A   26282.83166714 -.00000232  00000+0  00000+0 0  9991,2 44204  58.8577  36.4783 0028670 224.7491 174.0829  1.00258365  8367,2019-04-20,XICLF,26282.83166714,2026年282日目,2026/10/09 19:57:36 UTC,2026-10-09T19:57:36.040896Z
BEIDOU-3 IGSO-2,44337,1 44337U 19035A   26283.54382579 -.00000099  00000+0  00000+0 0  9990,2 44337  55.2510 157.8482 0038425 210.1154 326.2657  1.00264297 26822,2019-06-24,XICLF,26283.54382579,2026年283日目,2026/10/10 13:03:06 UTC,2026-10-10T13:03:06.548256Z
BEIDOU-3 IGSO-3,44709,1 44709U 19073A   26283.39711403 -.00000190  00000+0  00000+0 0  9992,2 44709  54.6093 279.6409 0046469 198.5644 161.2248  1.00254840 25618,2019-11-04,XICLF,26283.39711403,2026年283日目,2026/10/10 09:31:50 UTC,2026-10-10T09:31:50.652192Z
BEIDOU-3S IGSO-1S,40549,1 40549U 15019A   26280.47014294 -.00000171  00000+0  00000+0 0  9995,2 40549  48.9829 294.0972 0038852 201.3739 146.6824  1.00282499 42190,2015-03-30,XICLF,26280.47014294,2026年280日目,2026/10/07 11:17:00 UTC,2026-10-07T11:17:00.350016Z
BEIDOU-3S IGSO-2S,40938,1 40938U 15053A   26283.39649182 -.00000163  00000+0  00000+0 0  9990,2 40938  49.0517 257.4010 0065081 192.7634 168.0215  1.00278195 40519,2015-09-29,XICLF,26283.39649182,2026年283日目,2026/10/10 09:30:56 UTC,2026-10-10T09:30:56.893248Z
CHINASAT 16 (SJ-13),42662,1 42662U 17018A   26283.04289030 -.00000361  00000+0  00000+0 0  9993,2 42662   0.0912  86.8243 0007388 145.0405 272.7684  1.00273880 34901,2017-04-12,XICLF,26283.04289030,2026年283日目,2026/10/10 01:01:45 UTC,2026-10-10T01:01:45.721920Z
CHINASAT 3B,64062,1 64062U 25106A   26283.62433949 -.00000052  00000+0  00000+0 0  9999,2 64062   0.0553  44.5562 0002772 169.0609 197.6679  1.00272418  5216,2025-05-20,WSC,26283.62433949,2026年283日目,2026/10/10 14:59:02 UTC,2026-10-10T14:59:02.931936Z
CHINASAT 9B,49125,1 49125U 21080A   26283.61133943 -.00000320  00000+0  00000+0 0  9997,2 49125   0.0347 250.0584 0003447 309.5909 141.0615  1.00274137 18804,2021-09-09,XICLF,26283.61133943,2026年283日目,2026/10/10 14:40:19 UTC,2026-10-10T14:40:19.726752Z
CHINASAT 9C,64470,1 64470U 25132A   26283.60951942 -.00000255  00000+0  00000+0 0  9992,2 64470   0.0092 211.7481 0003115 339.0310 140.0849  1.00273334  5304,2025-06-20,XICLF,26283.60951942,2026年283日目,2026/10/10 14:37:42 UTC,2026-10-10T14:37:42.477888Z
FENGYUN 2A DEB,43355,1 43355U 97029D   26282.65086690 -.00000346  00000+0  00000+0 0  9999,2 43355  14.8538 356.0543 0043528  37.2574 323.0403  1.00250231 43755,1997-06-10,XICLF,26282.65086690,2026年282日目,2026/10/09 15:37:14 UTC,2026-10-09T15:37:14.900160Z
FENGYUN 2B,26382,1 26382U 00032A   26283.24519058 -.00000080  00000+0  00000+0 0  9998,2 26382  13.3830  16.0296 0003533 284.6383  60.2992  1.00069481 96072,2000-06-25,XICLF,26283.24519058,2026年283日目,2026/10/10 05:53:04 UTC,2026-10-10T05:53:04.466112Z
FENGYUN 2B AKM,26460,1 26460U 00032C   26282.62873873 -.00000382  00000+0  00000+0 0  9999,2 26460  14.4833   5.3349 0021491  44.5181 315.6473  1.00164584123337,2000-06-25,XICLF,26282.62873873,2026年282日目,2026/10/09 15:05:23 UTC,2026-10-09T15:05:23.026272Z
FENGYUN 2D DEB,33458,1 33458U 06053D   26282.87122926 -.00000051  00000+0  00000+0 0  9999,2 33458  11.8662  36.1646 0023006  23.4743 341.2521  1.00295498 66535,2006-12-08,XICLF,26282.87122926,2026年282日目,2026/10/09 20:54:34 UTC,2026-10-09T20:54:34.208064Z
FENGYUN 2G,40367,1 40367U 14090A   26283.39709848 -.00000303  00000+0  00000+0 0  9998,2 40367   5.9250  71.3680 0004264 189.5372   0.4746  1.00262251 43152,2014-12-31,XICLF,26283.39709848,2026年283日目,2026/10/10 09:31:49 UTC,2026-10-10T09:31:49.308672Z
FENGYUN 2H,43491,1 43491U 18050A   26283.60691941 -.00000133  00000+0  00000+0 0  9998,2 43491   3.3223  77.6132 0002935 157.2824  82.0592  1.00269611 30599,2018-06-05,XICLF,26283.60691941,2026年283日目,2026/10/10 14:33:57 UTC,2026-10-10T14:33:57.837024Z
FENGYUN 4A,41882,1 41882U 16077A   26282.97414832 -.00000365  00000+0  00000+0 0  9995,2 41882   2.6075  78.8149 0008392 168.4927 245.1574  1.00274461 36081,2016-12-10,XICLF,26282.97414832,2026年282日目,2026/10/09 23:22:46 UTC,2026-10-09T23:22:46.414848Z
FENGYUN 4B,48808,1 48808U 21047A   26283.68318641 -.00000335  00000+0  00000+0 0  9990,2 48808   0.4399  81.1283 0008344 279.8385   8.8583  1.00265929 19724,2021-06-02,XICLF,26283.68318641,2026年283日目,2026/10/10 16:23:47 UTC,2026-10-10T16:23:47.305824Z
FENGYUN 4C,67246,1 67246U 25312A   26283.48297278 -.00000330  00000+0  00000+0 0  9991,2 67246   0.0131  84.8467 0000756 228.4709  12.6646  1.00272174  3023,2025-12-26,XICLF,26283.48297278,2026年283日目,2026/10/10 11:35:28 UTC,2026-10-10T11:35:28.848192Z
TIANLIAN 1-04,41869,1 41869U 16072A   26283.67096307  .00000025  00000+0  00000+0 0  9998,2 41869   1.1594  81.7417 0047384  99.2424 256.6326  1.00271184 36456,2016-11-22,XICLF,26283.67096307,2026年283日目,2026/10/10 16:06:11 UTC,2026-10-10T16:06:11.209248Z
TIANLIAN 1-05,49011,1 49011U 21063A   26283.71017046  .00000102  00000+0  00000+0 0  9995,2 49011   1.8857  79.4894 0004340 155.6235  56.6336  1.00271324 19239,2021-07-06,XICLF,26283.71017046,2026年283日目,2026/10/10 17:02:38 UTC,2026-10-10T17:02:38.727744Z
TIANLIAN 2-01,44076,1 44076U 19017A   26283.60648608 -.00000113  00000+0  00000+0 0  9992,2 44076   0.8320  82.2226 0003715 142.1900  90.1592  1.00272076 27809,2019-03-31,XICLF,26283.60648608,2026年283日目,2026/10/10 14:33:20 UTC,2026-10-10T14:33:20.397312Z
TIANLIAN 2-02,50005,1 50005U 21124A   26283.53725390 -.00000020  00000+0  00000+0 0  9996,2 50005   1.0937  84.1127 0004348 161.7585 137.6602  1.00272514 17776,2021-12-13,XICLF,26283.53725390,2026年283日目,2026/10/10 12:53:38 UTC,2026-10-10T12:53:38.736960Z
TIANLIAN 2-03,53100,1 53100U 22078A   26283.59331270  .00000066  00000+0  00000+0 0  9999,2 53100   0.9600  77.7959 0002249 164.2471   1.3383  1.00272264 15707,2022-07-12,XICLF,26283.59331270,2026年283日目,2026/10/10 14:14:22 UTC,2026-10-10T14:14:22.217280Z
TIANLIAN 2-04,63361,1 63361U 25062A   26283.60709274 -.00000149  00000+0  00000+0 0  9993,2 63361   4.0847 272.8557 0033948   8.6403  36.3373  1.00272387  5761,2025-03-26,XICLF,26283.60709274,2026年283日目,2026/10/10 14:34:12 UTC,2026-10-10T14:34:12.812736Z
TIANLIAN 2-05,63662,1 63662U 25084A   26283.59521936  .00000111  00000+0  00000+0 0  9994,2 63662   4.1657 278.6080 0000526 275.6955  59.5168  1.00273270  5530,2025-04-27,XICLF,26283.59521936,2026年283日目,2026/10/10 14:17:06 UTC,2026-10-10T14:17:06.952704Z
ZHONGXING-10,37677,1 37677U 11026A   26283.37378505 -.00000237  00000+0  00000+0 0  9990,2 37677   1.2645  50.9664 0005752 201.7945 242.6453  0.99026372 56147,2011-06-20,XICLF,26283.37378505,2026年283日目,2026/10/10 08:58:15 UTC,2026-10-10T08:58:15.028320Z
ZHONGXING-10R,63075,1 63075U 25036A   26283.61307277 -.00000359  00000+0  00000+0 0  9997,2 63075   0.0217 218.8819 0004845 325.1645 166.4242  1.00271627  6116,2025-02-22,XICLF,26283.61307277,2026年283日目,2026/10/10 14:42:49 UTC,2026-10-10T14:42:49.487328Z
ZHONGXING-11,39157,1 39157U 13020A   26283.61064609  .00000000  00000+0  00000+0 0  9992,2 39157   0.0168 243.6848 0000541 250.5391 202.6967  1.00272364 49057,2013-05-01,XICLF,26283.61064609,2026年283日目,2026/10/10 14:39:19 UTC,2026-10-10T14:39:19.822176Z
ZHONGXING-12,39017,1 39017U 12067A   26283.60856609 -.00000214  00000+0  00000+0 0  9993,2 39017   0.0312 117.0976 0002718  82.5289 126.1886  1.00271360 50660,2012-11-27,XICLF,26283.60856609,2026年283日目,2026/10/10 14:36:20 UTC,2026-10-10T14:36:20.110176Z
ZHONGXING-19,54230,1 54230U 22148A   26283.63191748 -.00000088  00000+0  00000+0 0  9996,2 54230   0.0135 228.6999 0004942 326.7941 214.4146  1.00272102 14531,2022-11-05,XICLF,26283.63191748,2026年283日目,2026/10/10 15:09:57 UTC,2026-10-10T15:09:57.670272Z
ZHONGXING-1A,37804,1 37804U 11047A   26283.59842604  .00000144  00000+0  00000+0 0  9991,2 37804   4.0096  76.8469 0002027 219.2511 335.1250  1.00031332 28489,2011-09-18,XICLF,26283.59842604,2026年283日目,2026/10/10 14:21:44 UTC,2026-10-10T14:21:44.009856Z
ZHONGXING-1D,49505,1 49505U 21114A   26283.61697279 -.00000343  00000+0  00000+0 0  9999,2 49505   0.0107  37.9385 0001638 229.5760 104.0069  1.00272039 17975,2021-11-26,XICLF,26283.61697279,2026年283日目,2026/10/10 14:48:26 UTC,2026-10-10T14:48:26.449056Z
ZHONGXING-1E,53813,1 53813U 22112A   26283.60735274  .00000000  00000+0  00000+0 0  9991,2 53813   0.0155  59.6535 0003821 209.7460  49.8276  1.00267909 15004,2022-09-13,WSC,26283.60735274,2026年283日目,2026/10/10 14:34:35 UTC,2026-10-10T14:34:35.276736Z
ZHONGXING-22A,29398,1 29398U 06038A   26282.87173310 -.00000289  00000+0  00000+0 0  9996,2 29398  11.6969  36.3646 0004089 169.1537 227.6206  1.00072355 73532,2006-09-12,XICLF,26282.87173310,2026年282日目,2026/10/09 20:55:17 UTC,2026-10-09T20:55:17.739840Z
ZHONGXING-26,55686,1 55686U 23023A   26283.47409830 -.00000361  00000+0  00000+0 0  9995,2 55686   0.0632  63.2518 0001702  67.3902 184.1918  1.00271131 13388,2023-02-23,XICLF,26283.47409830,2026年283日目,2026/10/10 11:22:42 UTC,2026-10-10T11:22:42.093120Z
ZHONGXING-2A,38352,1 38352U 12028A   26283.61064609 -.00000298  00000+0  00000+0 0  9995,2 38352   1.7468  82.2151 0002245 187.3321  67.7684  1.00271851 52455,2012-05-26,XICLF,26283.61064609,2026年283日目,2026/10/10 14:39:19 UTC,2026-10-10T14:39:19.822176Z
ZHONGXING-2C,41021,1 41021U 15063A   26283.61168610 -.00000329  00000+0  00000+0 0  9996,2 41021   0.5659  86.0052 0009910 126.3602 130.4583  1.00267305 40131,2015-11-03,XICLF,26283.61168610,2026年283日目,2026/10/10 14:40:49 UTC,2026-10-10T14:40:49.679040Z
ZHONGXING-2D,43920,1 43920U 19001A   26283.61697279 -.00000344  00000+0  00000+0 0  9997,2 43920   0.0614  36.6739 0001802 263.5691  71.1168  1.00271543 55230,2019-01-10,XICLF,26283.61697279,2026年283日目,2026/10/10 14:48:26 UTC,2026-10-10T14:48:26.449056Z
ZHONGXING-2E,49062,1 49062U 21071A   26283.61064609 -.00000298  00000+0  00000+0 0  9993,2 49062   0.0456   7.5469 0001171 239.0353  90.5353  1.00270086 19193,2021-08-05,XICLF,26283.61064609,2026年283日目,2026/10/10 14:39:19 UTC,2026-10-10T14:39:19.822176Z
ZHONGXING-3A,60179,1 60179U 24122A   26283.04697610  .00000000  00000+0  00000+0 0  9996,2 60179   0.0194  75.1409 0002554 151.3957 270.5989  1.00269469  8467,2024-06-29,WSC,26283.04697610,2026年283日目,2026/10/10 01:07:38 UTC,2026-10-10T01:07:38.735040Z
ZHONGXING-4A,60606,1 60606U 24151A   26283.61498630 -.00000371  00000+0  00000+0 0  9999,2 60606   1.0226 269.8341 0001498  24.7557  64.2206  1.00267771  7914,2024-08-22,WSC,26283.61498630,2026年283日目,2026/10/10 14:45:34 UTC,2026-10-10T14:45:34.816320Z
ZHONGXING-5,14985,1 14985U 84049A   26282.85371184 -.00000076  00000+0  00000+0 0  9991,2 14985  14.3070 347.4372 0012687 242.6344 172.8401  0.99976418132454,1984-05-23,FRGUI,26282.85371184,2026年282日目,2026/10/09 20:29:20 UTC,2026-10-09T20:29:20.702976Z
ZHONGXING-5R,15385,1 15385U 84114A   26276.89239463 -.00000090  00000+0  00000+0 0  9995,2 15385  14.6405 351.1791 0005609  99.0013 248.5502  0.99764830128051,1984-11-10,FRGUI,26276.89239463,2026年276日目,2026/10/03 21:25:02 UTC,2026-10-03T21:25:02.896032Z
ZHONGXING-6A,37150,1 37150U 10042A   26283.55370583 -.00000139  00000+0  00000+0 0  9992,2 37150   4.5177  75.7198 0002861 184.1254 128.9290  0.99706856 59028,2010-09-04,XICLF,26283.55370583,2026年283日目,2026/10/10 13:17:20 UTC,2026-10-10T13:17:20.183712Z
ZHONGXING-6C,44067,1 44067U 19012A   26283.61705946 -.00000342  00000+0  00000+0 0  9991,2 44067   0.0512 301.9104 0012935 121.7386 308.1571  1.00269070 27893,2019-03-09,XICLF,26283.61705946,2026年283日目,2026/10/10 14:48:33 UTC,2026-10-10T14:48:33.937344Z
ZHONGXING-6D,52255,1 52255U 22038A   26283.59911817 -.00000360  00000+0  00000+0 0  9994,2 52255   0.0250 225.8646 0002832   7.7784 126.3510  1.00270572 16570,2022-04-15,XICLF,26283.59911817,2026年283日目,2026/10/10 14:22:43 UTC,2026-10-10T14:22:43.809888Z
ZHONGXING-6E,58253,1 58253U 23172A   26283.61411278 -.00000368  00000+0  00000+0 0  9995,2 58253   0.0213 129.2999 0002342  59.7135 166.8243  1.00270850 10816,2023-11-09,XICLF,26283.61411278,2026年283日目,2026/10/10 14:44:19 UTC,2026-10-10T14:44:19.344192Z
ZHONGXING-9,33051,1 33051U 08028A   26283.60951942 -.00000255  00000+0  00000+0 0  9998,2 33051   1.0570  83.5806 0008521 150.5859  96.8651  1.00273609 67192,2008-06-09,XICLF,26283.60951942,2026年283日目,2026/10/10 14:37:42 UTC,2026-10-10T14:37:42.477888Z
ZHONGXING-9A,42763,1 42763U 17035A   26283.46643212 -.00000125  00000+0  00000+0 0  9994,2 42763   5.2742  73.7418 0001066 233.0280 330.1945  0.99777939 34805,2017-06-18,XICLF,26283.46643212,2026年283日目,2026/10/10 11:11:39 UTC,2026-10-10T11:11:39.735168Z
